id,nombres,apellidos,direccion,correo,dni,edad,fecha_creacion,telefono
1,Emma,Smith,123 Main St,undefined,12345678A,28,Fri Apr 12 2024 20:39:16 GMT-0700 (hora estándar del Pacífico de México),123-456-7890
2,Noah,Johnson,456 Elm St,undefined,23456789B,35,Fri Apr 12 2024 20:39:16 GMT-0700 (hora estándar del Pacífico de México),234-567-8901
3,Olivia,Williams,789 Oak St,undefined,34567890C,42,Fri Apr 12 2024 20:39:16 GMT-0700 (hora estándar del Pacífico de México),345-678-9012
4,Liam,Jones,101 Pine St,undefined,45678901D,31,Fri Apr 12 2024 20:39:16 GMT-0700 (hora estándar del Pacífico de México),456-789-0123
5,Ava,Brown,222 Cedar St,undefined,56789012E,26,Fri Apr 12 2024 20:39:16 GMT-0700 (hora estándar del Pacífico de México),567-890-1234
6,William,Davis,333 Maple St,undefined,67890123F,39,Fri Apr 12 2024 20:39:16 GMT-0700 (hora estándar del Pacífico de México),678-901-2345
7,Sophia,Miller,444 Birch St,undefined,78901234G,36,Fri Apr 12 2024 20:39:16 GMT-0700 (hora estándar del Pacífico de México),789-012-3456
8,James,Wilson,555 Walnut St,undefined,89012345H,29,Fri Apr 12 2024 20:39:16 GMT-0700 (hora estándar del Pacífico de México),890-123-4567
9,Isabella,Moore,666 Cherry St,undefined,90123456I,33,Fri Apr 12 2024 20:39:16 GMT-0700 (hora estándar del Pacífico de México),901-234-5678
10,Benjamin,Taylor,777 Spruce St,undefined,01234567J,45,Fri Apr 12 2024 20:39:16 GMT-0700 (hora estándar del Pacífico de México),012-345-6789
11,Charlotte,Anderson,888 Elm St,undefined,12345678K,27,Fri Apr 12 2024 20:39:16 GMT-0700 (hora estándar del Pacífico de México),123-456-7890
12,Mason,Thomas,999 Oak St,undefined,23456789L,38,Fri Apr 12 2024 20:39:16 GMT-0700 (hora estándar del Pacífico de México),234-567-8901
13,Amelia,Jackson,111 Pine St,undefined,34567890M,30,Fri Apr 12 2024 20:39:16 GMT-0700 (hora estándar del Pacífico de México),345-678-9012
14,Evelyn,White,222 Cedar St,undefined,45678901N,25,Fri Apr 12 2024 20:39:16 GMT-0700 (hora estándar del Pacífico de México),456-789-0123
15,Logan,Harris,333 Maple St,undefined,56789012O,41,Fri Apr 12 2024 20:39:16 GMT-0700 (hora estándar del Pacífico de México),567-890-1234
16,Lucas,Martin,444 Birch St,undefined,67890123P,34,Fri Apr 12 2024 20:39:16 GMT-0700 (hora estándar del Pacífico de México),678-901-2345
17,Harper,Thompson,555 Walnut St,undefined,78901234Q,28,Fri Apr 12 2024 20:39:16 GMT-0700 (hora estándar del Pacífico de México),789-012-3456
18,Eleanor,Garcia,666 Cherry St,undefined,89012345R,32,Fri Apr 12 2024 20:39:16 GMT-0700 (hora estándar del Pacífico de México),890-123-4567
19,Elijah,Martinez,777 Spruce St,undefined,90123456S,44,Fri Apr 12 2024 20:39:16 GMT-0700 (hora estándar del Pacífico de México),901-234-5678
20,Alexander,Robinson,888 Elm St,undefined,01234567T,29,Fri Apr 12 2024 20:39:16 GMT-0700 (hora estándar del Pacífico de México),012-345-6789
21,Penelope,Clark,999 Oak St,undefined,12345678U,37,Fri Apr 12 2024 20:39:16 GMT-0700 (hora estándar del Pacífico de México),123-456-7890
22,Daniel,Rodriguez,111 Pine St,undefined,23456789V,26,Fri Apr 12 2024 20:39:16 GMT-0700 (hora estándar del Pacífico de México),234-567-8901
23,Elizabeth,Lewis,222 Cedar St,undefined,34567890W,40,Fri Apr 12 2024 20:39:16 GMT-0700 (hora estándar del Pacífico de México),345-678-9012
24,Michael,Lee,333 Maple St,undefined,45678901X,31,Fri Apr 12 2024 20:39:16 GMT-0700 (hora estándar del Pacífico de México),456-789-0123
25,Avery,Walker,444 Birch St,undefined,56789012Y,35,Fri Apr 12 2024 20:39:16 GMT-0700 (hora estándar del Pacífico de México),567-890-1234
26,Abigail,Hall,555 Walnut St,undefined,67890123Z,27,Fri Apr 12 2024 20:39:16 GMT-0700 (hora estándar del Pacífico de México),678-901-2345
27,Henry,Young,666 Cherry St,undefined,78901234AA,33,Fri Apr 12 2024 20:39:16 GMT-0700 (hora estándar del Pacífico de México),789-012-3456
28,Alexander,Scott,777 Spruce St,undefined,89012345AB,43,Fri Apr 12 2024 20:39:16 GMT-0700 (hora estándar del Pacífico de México),890-123-4567
29,Sofia,King,888 Elm St,undefined,90123456AC,28,Fri Apr 12 2024 20:39:16 GMT-0700 (hora estándar del Pacífico de México),901-234-5678
30,Jackson,Green,999 Oak St,undefined,01234567AD,36,Fri Apr 12 2024 20:39:16 GMT-0700 (hora estándar del Pacífico de México),012-345-6789
31,Madison,Adams,111 Pine St,undefined,12345678AE,31,Fri Apr 12 2024 20:39:16 GMT-0700 (hora estándar del Pacífico de México),123-456-7890
32,Sebastian,Baker,222 Cedar St,undefined,23456789AF,39,Fri Apr 12 2024 20:39:16 GMT-0700 (hora estándar del Pacífico de México),234-567-8901
33,Scarlett,Allen,333 Maple St,undefined,34567890AG,29,Fri Apr 12 2024 20:42:30 GMT-0700 (hora estándar del Pacífico de México),345-678-9012
34,Matthew,Bennett,444 Birch St,undefined,45678901AH,42,Fri Apr 12 2024 20:42:30 GMT-0700 (hora estándar del Pacífico de México),456-789-0123
35,Luna,Nelson,555 Walnut St,undefined,56789012AI,26,Fri Apr 12 2024 20:42:30 GMT-0700 (hora estándar del Pacífico de México),567-890-1234
36,Wyatt,Carter,666 Cherry St,undefined,67890123AJ,34,Fri Apr 12 2024 20:42:30 GMT-0700 (hora estándar del Pacífico de México),678-901-2345
37,Mia,Morris,777 Spruce St,undefined,78901234AK,30,Fri Apr 12 2024 20:42:30 GMT-0700 (hora estándar del Pacífico de México),789-012-3456
38,Ethan,James,888 Elm St,undefined,89012345AL,37,Fri Apr 12 2024 20:42:30 GMT-0700 (hora estándar del Pacífico de México),890-123-4567
39,Harper,Hill,999 Oak St,undefined,90123456AM,28,Fri Apr 12 2024 20:42:30 GMT-0700 (hora estándar del Pacífico de México),901-234-5678
40,Oliver,Powell,123 Main St,undefined,23456789CA,28,Fri Apr 12 2024 20:42:30 GMT-0700 (hora estándar del Pacífico de México),123-456-7890
41,Charlotte,Long,456 Elm St,undefined,34567890CB,35,Fri Apr 12 2024 20:42:30 GMT-0700 (hora estándar del Pacífico de México),234-567-8901
42,Elijah,Flores,789 Oak St,undefined,45678901CC,42,Fri Apr 12 2024 20:42:30 GMT-0700 (hora estándar del Pacífico de México),345-678-9012
43,Ava,Butler,101 Pine St,undefined,56789012CD,31,Fri Apr 12 2024 20:42:30 GMT-0700 (hora estándar del Pacífico de México),456-789-0123
44,Theodore,Nguyen,222 Cedar St,undefined,67890123CE,26,Fri Apr 12 2024 20:42:30 GMT-0700 (hora estándar del Pacífico de México),567-890-1234
45,Hazel,Hayes,333 Maple St,undefined,78901234CF,39,Fri Apr 12 2024 20:42:30 GMT-0700 (hora estándar del Pacífico de México),678-901-2345
46,Lucas,Howard,444 Birch St,undefined,89012345CG,36,Fri Apr 12 2024 20:42:30 GMT-0700 (hora estándar del Pacífico de México),789-012-3456
47,Amelia,Barnes,555 Walnut St,undefined,90123456CH,29,Fri Apr 12 2024 20:42:30 GMT-0700 (hora estándar del Pacífico de México),890-123-4567
48,Logan,Evans,666 Cherry St,undefined,01234567CI,33,Fri Apr 12 2024 20:42:30 GMT-0700 (hora estándar del Pacífico de México),901-234-5678
49,Evelyn,Rogers,777 Spruce St,undefined,12345678CJ,45,Fri Apr 12 2024 20:42:30 GMT-0700 (hora estándar del Pacífico de México),012-345-6789
50,Liam,Hill,888 Elm St,undefined,23456789CK,27,Fri Apr 12 2024 20:42:30 GMT-0700 (hora estándar del Pacífico de México),123-456-7890
51,Avery,Alexander,999 Oak St,undefined,34567890CL,38,Fri Apr 12 2024 20:42:30 GMT-0700 (hora estándar del Pacífico de México),234-567-8901
52,Emma,Stewart,111 Pine St,undefined,45678901CM,30,Fri Apr 12 2024 20:42:30 GMT-0700 (hora estándar del Pacífico de México),345-678-9012
53,Oliver,Cook,222 Cedar St,undefined,56789012CN,25,Fri Apr 12 2024 20:42:30 GMT-0700 (hora estándar del Pacífico de México),456-789-0123
54,Charlotte,Morris,333 Maple St,undefined,67890123CO,41,Fri Apr 12 2024 20:42:30 GMT-0700 (hora estándar del Pacífico de México),567-890-1234
55,Elijah,Gonzalez,444 Birch St,undefined,78901234CP,34,Fri Apr 12 2024 20:42:30 GMT-0700 (hora estándar del Pacífico de México),678-901-2345
56,Ava,Reed,555 Walnut St,undefined,89012345CQ,28,Fri Apr 12 2024 20:42:30 GMT-0700 (hora estándar del Pacífico de México),789-012-3456
57,Theodore,Lee,666 Cherry St,undefined,90123456CR,32,Fri Apr 12 2024 20:42:30 GMT-0700 (hora estándar del Pacífico de México),890-123-4567
58,Hazel,White,777 Spruce St,undefined,01234567CS,44,Fri Apr 12 2024 20:42:30 GMT-0700 (hora estándar del Pacífico de México),901-234-5678
59,Lucas,King,888 Elm St,undefined,12345678CT,29,Fri Apr 12 2024 20:42:30 GMT-0700 (hora estándar del Pacífico de México),012-345-6789
60,Amelia,Martinez,999 Oak St,undefined,23456789CU,37,Fri Apr 12 2024 20:42:30 GMT-0700 (hora estándar del Pacífico de México),123-456-7890
61,Logan,Hernandez,111 Pine St,undefined,34567890CV,26,Fri Apr 12 2024 20:42:30 GMT-0700 (hora estándar del Pacífico de México),234-567-8901
62,Evelyn,Young,222 Cedar St,undefined,45678901CW,40,Fri Apr 12 2024 20:42:30 GMT-0700 (hora estándar del Pacífico de México),345-678-9012
63,Liam,Garcia,333 Maple St,undefined,56789012CX,31,Fri Apr 12 2024 20:42:30 GMT-0700 (hora estándar del Pacífico de México),456-789-0123
64,Avery,Wright,444 Birch St,undefined,67890123CY,35,Fri Apr 12 2024 20:42:30 GMT-0700 (hora estándar del Pacífico de México),567-890-1234
